EARNINGS_VIEW_LVL1,EARNINGS_VIEW_LVL2,EARNINGS_VIEW_LVL3,CALENDAR_YEAR,TRIR,TRIR_P3_PLUS,TRI_CNT,TRI_P3_PLUS_CNT,LTIR,LTIR_EMP,LTIR_CONT,LTI_CNT,POTENTIAL_HURT_LVL3,POTENTIAL_HURT_LVL4,POTENTIAL_HURT_LVL5,POTENTIAL_HURT_TOTAL,ACTUAL_HURT_A3,ACTUAL_HURT_A4,ACTUAL_HURT_TOTAL,SPILLS
Upstream,Upstream Unconventional,ALL,2023,0.442853,0.045189,49,5,0.090378,0.094574,0.089387,10,8,10,0,18,1,0,1,105
Upstream,ALL,ALL,2020,0.179222,0.016417,131,12,0.028730,0.044426,0.022712,21,32,40,4,76,2,1,3,181
Upstream,ALL,ALL,2021,0.204198,0.019519,136,13,0.031531,0.044424,0.026752,21,24,29,1,54,0,0,0,170
EMPS Energy Products,Global,ALL,2020,0.000000,0.000000,0,0,0.000000,0.000000,0.000000,0,0,0,0,0,0,0,0,1
Upstream,Upstream LNG,NA,2019,0.000000,0.000000,0,0,0.000000,0.000000,0.000000,0,0,0,0,0,0,0,0,0
Upstream,Upstream Deepwater,Guyana,2021,0.095382,0.019076,5,1,0.019076,0.000000,0.020113,1,1,2,0,3,0,0,0,1
EMPS Specialty Products,Finished Lubes,FL NAP MBU,2022,0.000000,0.000000,0,0,0.000000,0.000000,0.000000,0,0,0,0,0,0,0,0,0
Upstream,Upstream Deepwater,Romania,2020,0.000000,0.000000,0,0,0.000000,0.000000,0.000000,0,0,0,0,0,0,0,0,0
Upstream,Upstream Deepwater,Eastern Canada,2022,0.079312,0.000000,1,0,0.000000,0.000000,0.000000,0,0,0,0,0,0,0,0,0
EMPS Specialty Products,Finished Lubes,FL EAME MBU,2019,0.000000,0.000000,0,0,0.000000,0.000000,0.000000,0,0,0,0,0,0,0,0,0
EMPS Energy Products,AM Fuels,AM Fuels - Canada,2021,0.000000,0.000000,0,0,0.000000,0.000000,0.000000,0,0,0,0,0,0,0,0,0
Upstream,Upstream Conventional/HO,Vietnam,2020,0.000000,0.000000,0,0,0.000000,0.000000,0.000000,0,0,0,0,0,0,0,0,0
Upstream,Upstream Deepwater,ALL,2020,0.084097,0.022936,11,3,0.022936,0.065614,0.009968,3,5,4,4,13,1,1,2,2
Out of scope,Out of scope,Out of scope,2021,0.106207,0.003372,63,2,0.008429,0.007187,0.009527,5,23,10,3,36,0,1,1,3
Upstream,Upstream Unconventional,Eastern,2021,0.108964,0.000000,3,0,0.000000,0.000000,0.000000,0,0,0,0,0,0,0,0,20
EMPS Specialty Products,Finished Lubes,FL NA MBU,2021,0.000000,0.000000,0,0,0.000000,0.000000,0.000000,0,0,0,0,0,0,0,0,0
EMPS Energy Products,AM Fuels,AM Fuels - US North,2022,0.000000,0.000000,0,0,0.000000,0.000000,0.000000,0,0,0,0,0,0,0,0,0
EMPS Specialty Products,Finished Lubes,FL SAP MBU,2022,0.000000,0.000000,0,0,0.000000,0.000000,0.000000,0,0,0,0,0,0,0,0,0
Upstream,Upstream Deepwater,Brazil,2022,0.000000,0.000000,0,0,0.000000,0.000000,0.000000,0,0,0,0,0,0,0,0,0
Upstream,Upstream LNG,AP other,2021,0.000000,0.000000,0,0,0.000000,0.000000,0.000000,0,0,0,0,0,0,0,0,0
Upstream,Upstream LNG,EAME other,2021,0.000000,0.000000,0,0,0.000000,0.000000,0.000000,0,0,0,0,0,0,0,0,0
Upstream,Upstream Deepwater,Angola,2022,0.247252,0.022477,11,1,0.134864,0.504497,0.077836,6,0,2,0,2,0,0,0,0
ALL,ALL,ALL,2019,0.208327,0.020384,510,50,0.032207,0.031668,0.032494,79,248,203,125,576,3,1,4,352
Upstream,Upstream Unconventional,ALL,2020,0.315209,0.035684,53,6,0.053526,0.085542,0.041192,9,8,18,0,26,0,0,0,161
Upstream,Upstream Conventional/HO,Australia Conventional,2021,0.843810,0.052738,16,1,0.421905,0.610502,0.322331,8,2,2,0,4,0,0,0,0
Upstream,Upstream Deepwater,Romania,2019,0.000000,0.000000,0,0,0.000000,0.000000,0.000000,0,0,0,0,0,0,0,0,0
Upstream,Upstream Conventional/HO,Vietnam,2019,0.000000,0.000000,0,0,0.000000,0.000000,0.000000,0,0,0,0,0,0,0,0,0
Upstream,Upstream LNG,EAME other,2019,0.000000,0.000000,0,0,0.000000,0.000000,0.000000,0,0,0,0,0,0,0,0,0
EMPS Energy Products,AM Fuels,AM Fuels - US South,2019,0.000000,0.000000,0,0,0.000000,0.000000,0.000000,0,0,1,1,2,0,0,0,0
EMPS Other,Out of scope,Out of scope,2022,0.146600,0.011498,51,4,0.020122,0.025685,0.015612,7,30,32,2,64,1,1,2,31
Upstream,Upstream Unconventional,Delaware,2022,0.571473,0.030078,19,1,0.090233,0.282598,0.067320,3,1,2,0,3,1,0,1,59
Upstream,Upstream Conventional/HO,Malaysia / Thailand,2022,0.065417,0.000000,5,0,0.000000,0.000000,0.000000,0,1,1,0,2,0,0,0,1
Upstream,Upstream Conventional/HO,Sakhalin,2021,0.066538,0.013308,5,1,0.039923,0.000000,0.046179,3,2,0,0,2,0,0,0,0
Upstream,Upstream Conventional/HO,Germany,2021,0.371865,0.000000,3,0,0.000000,0.000000,0.000000,0,0,1,0,1,0,0,0,0
Upstream,Upstream Conventional/HO,Australia Conventional,2023,0.390151,0.000000,7,0,0.111472,0.227408,0.073831,2,0,2,0,2,0,0,0,1
Upstream,Upstream Conventional/HO,Germany,2019,0.551142,0.000000,5,0,0.110228,0.190123,0.000000,1,0,0,0,0,0,0,0,2
Upstream,Upstream Conventional/HO,Norway / Azerbaijan / CNNS,2021,0.000000,0.000000,0,0,0.000000,0.000000,0.000000,0,0,0,0,0,0,0,0,0
Upstream,Upstream Conventional/HO,Netherlands / SNS,2020,0.000000,0.000000,0,0,0.000000,0.000000,0.000000,0,0,0,0,0,0,0,0,0
Upstream,ALL,ALL,2023,0.224141,0.020948,110,10,0.041896,0.042968,0.041550,20,13,31,0,44,1,1,2,111
Upstream,Upstream Conventional/HO,Iraq,2023,0.000000,0.000000,0,0,0.000000,0.000000,0.000000,0,0,0,0,0,0,0,0,0
Upstream,Upstream Conventional/HO,Indonesia,2019,0.029776,0.000000,1,0,0.000000,0.000000,0.000000,0,0,0,0,0,0,0,0,0
Upstream,Upstream Deepwater,NA Other,2021,0.000000,0.000000,0,0,0.000000,0.000000,0.000000,0,0,0,0,0,0,0,0,0
Upstream,Upstream Conventional/HO,Indonesia,2022,0.000000,0.000000,0,0,0.000000,0.000000,0.000000,0,0,0,0,0,0,0,0,0
EMPS Energy Products,AM Fuels,AM Fuels - US North,2023,0.000000,0.000000,0,0,0.000000,0.000000,0.000000,0,0,0,0,0,0,0,0,0
Upstream,Upstream Conventional/HO,Abu Dhabi,2023,0.000000,0.000000,0,0,0.000000,0.000000,0.000000,0,0,0,0,0,0,0,0,0
Upstream,Upstream Conventional/HO,Europe Opt & Trading,2022,0.000000,0.000000,0,0,0.000000,0.000000,0.000000,0,0,0,0,0,0,0,0,0
EMPS Energy Products,EAME Fuels,EAME Fuels - EAME BNLG,2021,0.000000,0.000000,0,0,0.000000,0.000000,0.000000,0,0,0,0,0,0,0,0,0
EMPS Energy Products,EAME Fuels,EAME Fuels - EAME Trading,2020,0.000000,0.000000,0,0,0.000000,0.000000,0.000000,0,0,0,0,0,0,0,0,0
EMPS Specialty Products,Finished Lubes,FL LA MBU,2019,0.000000,0.000000,0,0,0.000000,0.000000,0.000000,0,0,0,0,0,0,0,0,0
Upstream,Upstream Deepwater,Brazil,2019,0.000000,0.000000,0,0,0.000000,0.000000,0.000000,0,0,0,0,0,0,0,0,0
Upstream,Out of scope,Out of scope,2022,0.000000,0.000000,0,0,0.000000,0.000000,0.000000,0,0,0,0,0,0,0,0,0
EMPS Other,ALL,ALL,2021,0.148356,0.018976,86,11,0.031051,0.026980,0.035315,18,68,91,11,170,0,0,0,37
Upstream,Upstream Unconventional,Central,2022,0.716132,0.102305,14,2,0.051152,0.000000,0.077344,1,1,2,0,3,0,0,0,55
EMPS Energy Products,AM Fuels,AM Fuels - US North,2021,0.000000,0.000000,0,0,0.000000,0.000000,0.000000,0,0,0,0,0,0,0,0,0
Upstream,Upstream Conventional/HO,Imperial Oil / Canada West,2021,0.374792,0.035137,32,3,0.035137,0.023902,0.045932,3,3,7,0,10,0,0,0,3
Upstream,Upstream Conventional/HO,ALL,2020,0.174197,0.008567,61,3,0.025701,0.029584,0.024118,9,13,14,0,27,1,0,1,14
EMPS Specialty Products,Finished Lubes,FL EAME MBU,2020,0.000000,0.000000,0,0,0.000000,0.000000,0.000000,0,1,0,0,1,0,0,0,0
Upstream,Upstream Conventional/HO,ALL,2021,0.185791,0.015483,60,5,0.043351,0.053919,0.039094,14,9,13,1,23,0,0,0,4
EMPS Chem Products,Other,Other Chem,2020,0.087194,0.005813,15,1,0.011626,0.010016,0.013852,2,80,15,0,95,0,0,0,4
Upstream,Upstream Conventional/HO,Iraq,2019,0.000000,0.000000,0,0,0.000000,0.000000,0.000000,0,0,0,0,0,0,0,0,0
Upstream,Upstream Deepwater,Equatorial Guinea,2022,0.143705,0.071853,2,1,0.000000,0.000000,0.000000,0,0,1,1,2,0,0,0,0
Upstream,Upstream Conventional/HO,Kazakhstan,2019,0.000000,0.000000,0,0,0.000000,0.000000,0.000000,0,0,0,0,0,0,0,0,0
Upstream,Upstream Unconventional,Central,2019,0.586830,0.108672,27,5,0.108672,0.071423,0.124966,5,8,3,0,11,1,1,2,81
EMPS Chem Products,Other,Other Chem,2023,0.134460,0.029880,19,4,0.037350,0.000000,0.077924,5,17,12,0,29,0,0,0,4
Upstream,Upstream Unconventional,Midland CBP,2022,0.463365,0.071287,13,2,0.106930,0.000000,0.128651,3,2,6,1,9,0,1,1,34
EMPS Energy Products,Global,ALL,2019,0.052321,0.000000,1,0,0.052321,0.058275,0.000000,1,2,1,1,4,0,0,0,3
Upstream,Upstream Conventional/HO,Australia Conventional,2019,0.660010,0.031429,21,1,0.220003,0.215253,0.221963,7,2,6,0,8,0,0,0,1
Upstream,Upstream Conventional/HO,Chad,2020,0.037922,0.000000,1,0,0.000000,0.000000,0.000000,0,3,0,0,3,0,0,0,1
Upstream,Upstream Conventional/HO,Imperial Oil / Canada West,2020,0.285240,0.021942,26,2,0.065825,0.067945,0.063833,6,3,8,0,11,1,0,1,3
Upstream,Upstream Unconventional,Canada Unconventional,2019,0.916488,0.000000,10,0,0.000000,0.000000,0.000000,0,0,0,0,0,0,0,0,3
Upstream,Upstream Conventional/HO,Kazakhstan,2022,0.000000,0.000000,0,0,0.000000,0.000000,0.000000,0,0,0,0,0,0,0,0,0
Upstream,Upstream Conventional/HO,Chad,2021,0.039657,0.000000,1,0,0.000000,0.000000,0.000000,0,1,0,0,1,0,0,0,1
EMPS Specialty Products,Finished Lubes,FL EAME MBU,2021,0.288462,0.000000,2,0,0.144231,0.149870,0.000000,1,0,0,0,0,0,0,0,0
EMPS Energy Products,EAME Fuels,EAME Fuels - EAME BNLG,2019,0.373536,0.000000,1,0,0.373536,0.383719,0.000000,1,1,0,0,1,0,0,0,0
Supply Chain Central Org.,Supply Chain Central Org.,Supply Chain Central Org.,2020,0.270097,0.135048,2,1,0.135048,0.211579,0.000000,1,1,1,0,2,0,0,0,0
EMPS Specialty Products,Finished Lubes,FL NAP MBU,2020,0.000000,0.000000,0,0,0.000000,0.000000,0.000000,0,0,0,0,0,0,0,0,0
EMPS Specialty Products,Finished Lubes,FL SAP MBU,2020,0.000000,0.000000,0,0,0.000000,0.000000,0.000000,0,0,0,0,0,0,0,0,0
EMPS Chem Products,Other,Other Chem,2022,0.133210,0.006055,22,1,0.018165,0.032844,0.000000,3,11,11,0,22,0,0,0,2
Upstream,Upstream Conventional/HO,Indonesia,2023,0.000000,0.000000,0,0,0.000000,0.000000,0.000000,0,0,0,0,0,0,0,0,1
EMPS Energy Products,Global,ALL,2022,0.057543,0.000000,1,0,0.057543,0.061495,0.000000,1,0,0,0,0,0,0,0,0
Upstream,Upstream Conventional/HO,Norway / Azerbaijan / CNNS,2023,0.000000,0.000000,0,0,0.000000,0.000000,0.000000,0,0,0,0,0,0,0,0,0
Upstream,Upstream Conventional/HO,Indonesia,2020,0.128255,0.000000,3,0,0.000000,0.000000,0.000000,0,0,0,0,0,0,0,0,0
EMPS Energy Products,EAME Fuels,EAME Fuels - EAME BNLG,2020,0.000000,0.000000,0,0,0.000000,0.000000,0.000000,0,0,0,0,0,0,0,0,0
EMPS Specialty Products,Other,ALL,2023,0.058113,0.000000,1,0,0.000000,0.000000,0.000000,0,0,0,0,0,0,0,0,0
Upstream,Upstream Unconventional,Midland CBP,2020,0.254734,0.000000,8,0,0.063683,0.000000,0.079198,2,2,3,0,5,0,0,0,49
Upstream,Upstream Unconventional,Delaware,2021,0.445421,0.034263,13,1,0.034263,0.000000,0.038925,1,2,1,0,3,0,0,0,45
Upstream,Upstream Conventional/HO,ALL,2022,0.164594,0.000000,56,0,0.014696,0.046751,0.003927,5,9,4,0,13,0,0,0,5
Upstream,Upstream Deepwater,Equatorial Guinea,2021,0.150788,0.000000,2,0,0.000000,0.000000,0.000000,0,0,0,0,0,0,0,0,0
EMPS Chem Products,Other,Other Chem,2019,0.099492,0.014924,20,3,0.019898,0.029175,0.010184,4,33,25,87,145,0,0,0,6
Upstream,Upstream Conventional/HO,Norway / Azerbaijan / CNNS,2019,0.000000,0.000000,0,0,0.000000,0.000000,0.000000,0,0,0,0,0,0,0,0,0
Upstream,Upstream Unconventional,Argentina,2021,0.768096,0.000000,4,0,0.000000,0.000000,0.000000,0,0,0,0,0,0,0,0,0
Upstream,Upstream Conventional/HO,Abu Dhabi,2021,0.000000,0.000000,0,0,0.000000,0.000000,0.000000,0,0,0,0,0,0,0,0,0
Upstream,Upstream LNG,Mozambique,2019,0.000000,0.000000,0,0,0.000000,0.000000,0.000000,0,0,0,0,0,0,0,0,0
Upstream,Upstream Deepwater,ALL,2021,0.187764,0.021665,26,3,0.014443,0.000000,0.018641,2,4,8,0,12,0,0,0,2
Upstream,Upstream Deepwater,Equatorial Guinea,2020,0.074446,0.000000,1,0,0.000000,0.000000,0.000000,0,0,0,0,0,0,0,0,0
Upstream,Upstream Conventional/HO,Iraq,2020,0.000000,0.000000,0,0,0.000000,0.000000,0.000000,0,0,0,0,0,0,0,0,0
Upstream,Upstream Deepwater,Nigeria,2022,0.039051,0.000000,1,0,0.000000,0.000000,0.000000,0,0,1,0,1,0,0,0,2
Upstream,Upstream Unconventional,Argentina,2020,0.353687,0.000000,2,0,0.000000,0.000000,0.000000,0,0,0,0,0,0,0,0,4
Upstream,Upstream Unconventional,Midland CBP,2019,0.635898,0.051559,37,3,0.103119,0.000000,0.113372,6,7,6,0,13,0,0,0,79
EMPS Other,ALL,ALL,2019,0.156085,0.016723,112,12,0.025085,0.027778,0.022868,18,132,117,113,362,0,0,0,61
EMPS Specialty Products,Finished Lubes,FL EAME MBU,2023,0.235360,0.000000,1,0,0.000000,0.000000,0.000000,0,0,0,0,0,0,0,0,0
Upstream,Upstream Conventional/HO,Netherlands / SNS,2019,0.000000,0.000000,0,0,0.000000,0.000000,0.000000,0,0,0,0,0,0,0,0,0
Upstream,Upstream LNG,NA,2023,0.000000,0.000000,0,0,0.000000,0.000000,0.000000,0,0,0,0,0,0,0,0,0
Upstream,Upstream Deepwater,ALL,2023,0.153227,0.024194,21,3,0.024194,0.000000,0.029511,3,3,5,0,8,0,0,0,1
EMPS Specialty Products,Finished Lubes,FL NA MBU,2019,0.000000,0.000000,0,0,0.000000,0.000000,0.000000,0,1,0,1,2,0,0,0,0
Upstream,Upstream LNG,AP other,2022,0.000000,0.000000,0,0,0.000000,0.000000,0.000000,0,0,0,0,0,0,0,0,0
Upstream,Upstream Deepwater,NA Other,2019,0.000000,0.000000,0,0,0.000000,0.000000,0.000000,0,0,0,0,0,0,0,0,0
Upstream,Upstream Conventional/HO,Australia Conventional,2020,0.414229,0.000000,10,0,0.041423,0.000000,0.060874,1,1,2,0,3,0,0,0,1
Upstream,Upstream Unconventional,Bakken,2023,0.272826,0.136413,4,2,0.136413,0.000000,0.159057,2,2,0,0,2,0,0,0,12
Upstream,ALL,ALL,2019,0.276579,0.023373,283,24,0.038955,0.041480,0.038278,40,49,53,3,105,2,1,3,290
Upstream,Upstream Deepwater,Equatorial Guinea,2023,0.094577,0.000000,1,0,0.000000,0.000000,0.000000,0,0,0,0,0,0,0,0,0
Upstream,Upstream Unconventional,Bakken,2022,0.334184,0.000000,6,0,0.055697,0.000000,0.065236,1,2,0,0,2,0,0,0,10
Upstream,Upstream Conventional/HO,ALL,2023,0.224122,0.011796,39,2,0.041286,0.052247,0.035672,7,2,13,0,15,0,1,1,4
Upstream,Upstream Unconventional,Central,2021,0.548333,0.078333,14,2,0.117500,0.215401,0.061550,3,4,2,0,6,0,0,0,44
Upstream,Upstream Deepwater,Nigeria,2019,0.040394,0.000000,3,0,0.013465,0.060466,0.000000,1,1,1,0,2,0,0,0,0
EMPS Energy Products,EAME Fuels,EAME Fuels - FUNM,2021,0.000000,0.000000,0,0,0.000000,0.000000,0.000000,0,0,0,0,0,0,0,0,0
Upstream,Upstream LNG,ALL,2019,0.101617,0.000000,7,0,0.000000,0.000000,0.000000,0,3,6,0,9,0,0,0,1
EMPS Energy Products,AM Fuels,AM Fuels - US South,2022,0.000000,0.000000,0,0,0.000000,0.000000,0.000000,0,0,0,0,0,0,0,0,0
Out of scope,Out of scope,Out of scope,2022,0.103057,0.001747,58,1,0.012227,0.007700,0.015986,7,24,16,0,40,0,0,0,2
Upstream,Upstream LNG,Qatar,2021,0.000000,0.000000,0,0,0.000000,0.000000,0.000000,0,0,0,0,0,0,0,0,0
EMPS Energy Products,AM Fuels,AM Fuels - US South,2020,0.000000,0.000000,0,0,0.000000,0.000000,0.000000,0,0,0,0,0,0,0,0,0
Upstream,Upstream Deepwater,Eastern Canada,2023,0.402417,0.000000,4,0,0.000000,0.000000,0.000000,0,0,1,0,1,0,0,0,0
Out of scope,Out of scope,Out of scope,2020,0.087852,0.003029,58,2,0.007573,0.003236,0.011390,5,36,22,0,58,0,0,0,2
Upstream,Upstream Unconventional,Delaware,2023,0.689125,0.000000,20,0,0.137825,0.354032,0.114514,4,2,4,0,6,0,0,0,22
ALL,ALL,ALL,2020,0.135317,0.010985,271,22,0.019474,0.019104,0.019739,39,209,143,4,356,2,1,3,224
Upstream,Upstream LNG,Australia LNG,2019,0.000000,0.000000,0,0,0.000000,0.000000,0.000000,0,0,0,0,0,0,0,0,0
Upstream,Upstream LNG,AP other,2020,0.000000,0.000000,0,0,0.000000,0.000000,0.000000,0,0,0,0,0,0,0,0,0
Upstream,Upstream Unconventional,Argentina,2023,0.355367,0.000000,1,0,0.000000,0.000000,0.000000,0,0,0,0,0,0,0,0,2
Upstream,Upstream Conventional/HO,Kazakhstan,2023,0.000000,0.000000,0,0,0.000000,0.000000,0.000000,0,0,0,0,0,0,0,0,0
EMPS Energy Products,EAME Fuels,EAME Fuels - FUNM,2022,0.000000,0.000000,0,0,0.000000,0.000000,0.000000,0,0,0,0,0,0,0,0,0
Upstream,Upstream Deepwater,Angola,2023,0.134349,0.000000,6,0,0.000000,0.000000,0.000000,0,0,2,0,2,0,0,0,1
EMPS Energy Products,AM Fuels,AM Fuels - Canada,2019,0.000000,0.000000,0,0,0.000000,0.000000,0.000000,0,0,0,0,0,0,0,0,0
EMPS Energy Products,AM Fuels,AM Fuels - US South,2021,0.000000,0.000000,0,0,0.000000,0.000000,0.000000,0,0,0,0,0,0,0,0,0
Upstream,Upstream Conventional/HO,US Conventional,2019,0.498022,0.083004,18,3,0.055336,0.000000,0.074057,2,3,5,0,8,0,0,0,2
Upstream,Upstream Conventional/HO,Germany,2020,0.528223,0.000000,5,0,0.000000,0.000000,0.000000,0,0,1,0,1,0,0,0,2
Upstream,Upstream LNG,ALL,2020,0.058364,0.000000,4,0,0.000000,0.000000,0.000000,0,6,4,0,10,0,0,0,4
Upstream,Upstream Conventional/HO,Sakhalin,2023,0.000000,0.000000,0,0,0.000000,0.000000,0.000000,0,0,0,0,0,0,0,0,0
EMPS Specialty Products,Finished Lubes,FL NAP MBU,2023,0.000000,0.000000,0,0,0.000000,0.000000,0.000000,0,0,0,0,0,0,0,0,0
EMPS Specialty Products,Other,ALL,2020,0.000000,0.000000,0,0,0.000000,0.000000,0.000000,0,1,0,0,1,0,0,0,0
Upstream,Upstream Conventional/HO,Imperial Oil / Canada West,2023,0.362281,0.000000,24,0,0.030190,0.031486,0.028996,2,1,3,0,4,0,0,0,1
Upstream,Out of scope,Out of scope,2023,0.000000,0.000000,0,0,0.000000,0.000000,0.000000,0,0,0,0,0,0,0,0,0
EMPS Specialty Products,Finished Lubes,FL NA MBU,2020,0.000000,0.000000,0,0,0.000000,0.000000,0.000000,0,0,0,0,0,0,0,0,0
Upstream,Upstream Conventional/HO,Norway / Azerbaijan / CNNS,2020,0.000000,0.000000,0,0,0.000000,0.000000,0.000000,0,0,0,0,0,0,0,0,0
Upstream,Upstream Unconventional,Eastern,2020,0.140300,0.028060,5,1,0.056120,0.092432,0.000000,2,0,2,0,2,0,0,0,9
Upstream,Upstream Conventional/HO,Imperial Oil / Canada West,2019,0.205009,0.008542,24,1,0.017084,0.023038,0.013576,2,4,2,0,6,0,0,0,2
Upstream,Upstream LNG,Qatar,2019,0.000000,0.000000,0,0,0.000000,0.000000,0.000000,0,0,0,0,0,0,0,0,0
Upstream,Upstream Conventional/HO,Abu Dhabi,2022,0.000000,0.000000,0,0,0.000000,0.000000,0.000000,0,0,0,0,0,0,0,0,0
EMPS Other,Out of scope,Out of scope,2019,0.193815,0.019168,91,9,0.027688,0.028153,0.027405,13,96,91,24,211,0,0,0,52
Upstream,Upstream Unconventional,ALL,2021,0.376690,0.040073,47,5,0.040073,0.084818,0.022371,5,8,4,0,12,0,0,0,164
Upstream,Upstream Unconventional,Delaware,2020,0.432520,0.058980,22,3,0.039320,0.291663,0.021081,2,5,7,0,12,0,0,0,50
Upstream,Upstream Unconventional,Central,2023,1.086377,0.271594,12,3,0.362126,0.276003,0.404163,4,4,2,0,6,1,0,1,42
Upstream,Upstream LNG,PNG,2019,0.089934,0.000000,6,0,0.000000,0.000000,0.000000,0,3,6,0,9,0,0,0,1
Upstream,Upstream LNG,ALL,2022,0.098241,0.036840,8,3,0.012280,0.000000,0.014406,1,1,8,2,11,0,0,0,1
Upstream,Upstream Deepwater,Eastern Canada,2020,0.091082,0.000000,2,0,0.000000,0.000000,0.000000,0,0,2,0,2,0,0,0,0
Upstream,Upstream Conventional/HO,Norway / Azerbaijan / CNNS,2022,0.000000,0.000000,0,0,0.000000,0.000000,0.000000,0,0,0,0,0,0,0,0,0
Upstream,Upstream Deepwater,Nigeria,2023,0.107266,0.053633,3,1,0.053633,0.000000,0.117824,1,0,1,0,1,0,0,0,0
EMPS Energy Products,AM Fuels,AM Fuels - US North,2019,0.000000,0.000000,0,0,0.000000,0.000000,0.000000,0,0,0,0,0,0,0,0,0
ALL,ALL,ALL,2021,0.155433,0.014081,287,26,0.023830,0.023691,0.023927,44,115,131,15,261,0,1,1,210
ALL,ALL,ALL,2023,0.153045,0.013847,218,19,0.022592,0.011290,0.029736,32,72,92,0,164,2,1,3,128
Upstream,Upstream Unconventional,Delaware,2019,0.496100,0.028081,53,3,0.056162,1.032421,0.038133,6,6,5,1,12,0,0,0,74
Upstream,Upstream LNG,Qatar,2020,0.000000,0.000000,0,0,0.000000,0.000000,0.000000,0,0,0,0,0,0,0,0,0
EMPS Energy Products,AP Fuels,AP Fuels - AP,2022,0.000000,0.000000,0,0,0.000000,0.000000,0.000000,0,0,0,0,0,0,0,0,0
Upstream,Upstream Conventional/HO,Kazakhstan,2020,0.000000,0.000000,0,0,0.000000,0.000000,0.000000,0,0,0,0,0,0,0,0,0
Upstream,Upstream Deepwater,Brazil,2020,0.000000,0.000000,0,0,0.000000,0.000000,0.000000,0,0,0,0,0,0,0,0,0
Upstream,Upstream LNG,PNG,2022,0.100883,0.037831,8,3,0.012610,0.000000,0.014649,1,1,8,2,11,0,0,0,1
Upstream,Upstream Deepwater,Angola,2020,0.000000,0.000000,0,0,0.000000,0.000000,0.000000,0,3,1,1,5,0,0,0,0
Upstream,Upstream Deepwater,Guyana,2022,0.140818,0.015646,9,1,0.015646,0.000000,0.016453,1,0,3,0,3,0,0,0,1
EMPS Other,ALL,ALL,2023,0.147257,0.011687,67,5,0.021037,0.004684,0.037323,9,46,44,0,90,1,0,1,17
EMPS Energy Products,AM Fuels,AM Fuels - Canada,2020,0.000000,0.000000,0,0,0.000000,0.000000,0.000000,0,0,0,0,0,0,0,0,0
Upstream,Upstream Conventional/HO,US Conventional,2020,0.415824,0.000000,6,0,0.000000,0.000000,0.000000,0,0,0,0,0,0,0,0,7
EMPS Energy Products,Global,ALL,2021,0.000000,0.000000,0,0,0.000000,0.000000,0.000000,0,0,0,0,0,0,0,0,0
Upstream,Upstream Conventional/HO,Chad,2019,0.090862,0.060575,3,2,0.030287,0.000000,0.035510,1,4,2,0,6,0,0,0,1
EMPS Energy Products,Global,ALL,2023,0.077993,0.000000,1,0,0.000000,0.000000,0.000000,0,0,0,0,0,0,0,0,0
Upstream,Upstream Conventional/HO,Iraq,2022,0.000000,0.000000,0,0,0.000000,0.000000,0.000000,0,0,0,0,0,0,0,0,0
ALL,ALL,ALL,2022,0.153325,0.010186,284,19,0.022516,0.027839,0.019182,42,82,90,6,178,2,3,5,213
Upstream,Upstream Conventional/HO,Vietnam,2022,0.000000,0.000000,0,0,0.000000,0.000000,0.000000,0,0,0,0,0,0,0,0,0
EMPS Specialty Products,Finished Lubes,FL NAP MBU,2019,0.000000,0.000000,0,0,0.000000,0.000000,0.000000,0,0,0,0,0,0,0,0,0
EMPS Energy Products,AM Fuels,AM Fuels - Canada,2023,0.000000,0.000000,0,0,0.000000,0.000000,0.000000,0,0,0,0,0,0,0,0,0
Upstream,Upstream Conventional/HO,Indonesia,2021,0.000000,0.000000,0,0,0.000000,0.000000,0.000000,0,0,0,0,0,0,0,0,0
EMPS Specialty Products,Finished Lubes,FL LA MBU,2020,0.000000,0.000000,0,0,0.000000,0.000000,0.000000,0,0,0,0,0,0,0,0,0
Upstream,Upstream LNG,Mozambique,2020,0.000000,0.000000,0,0,0.000000,0.000000,0.000000,0,0,0,0,0,0,0,0,0
Upstream,ALL,ALL,2022,0.206402,0.016512,149,12,0.031648,0.053551,0.025059,23,16,31,4,51,1,2,3,178
Upstream,Upstream Unconventional,Bakken,2019,0.634355,0.111945,17,3,0.186575,0.000000,0.203140,5,3,3,0,6,1,0,1,19
EMPS Specialty Products,Finished Lubes,FL EAME MBU,2022,0.000000,0.000000,0,0,0.000000,0.000000,0.000000,0,0,0,0,0,0,0,0,0
Upstream,Upstream Unconventional,Midland CBP,2023,0.295705,0.000000,9,0,0.000000,0.000000,0.000000,0,0,3,0,3,0,0,0,19
Upstream,Upstream Conventional/HO,Europe Opt & Trading,2023,0.000000,0.000000,0,0,0.000000,0.000000,0.000000,0,0,0,0,0,0,0,0,0
EMPS Energy Products,AP Fuels,AP Fuels - AP,2023,0.000000,0.000000,0,0,0.000000,0.000000,0.000000,0,0,0,0,0,0,0,0,0
EMPS Other,ALL,ALL,2020,0.132415,0.011586,80,7,0.019862,0.015567,0.024738,12,140,80,0,220,0,0,0,41
Upstream,Upstream Conventional/HO,Malaysia / Thailand,2019,0.103829,0.000000,8,0,0.000000,0.000000,0.000000,0,1,3,0,4,0,0,0,1
EMPS Specialty Products,Finished Lubes,FL NAP MBU,2021,0.225847,0.000000,1,0,0.000000,0.000000,0.000000,0,0,0,0,0,0,0,0,0
Upstream,Upstream LNG,Qatar,2022,0.000000,0.000000,0,0,0.000000,0.000000,0.000000,0,0,0,0,0,0,0,0,0
Upstream,Upstream Deepwater,Guyana,2020,0.056104,0.000000,2,0,0.000000,0.000000,0.000000,0,1,1,0,2,0,0,0,0
EMPS Energy Products,EAME Fuels,EAME Fuels - EAME Trading,2019,0.000000,0.000000,0,0,0.000000,0.000000,0.000000,0,0,0,0,0,0,0,0,0
Upstream,Upstream LNG,EAME other,2022,0.000000,0.000000,0,0,0.000000,0.000000,0.000000,0,0,0,0,0,0,0,0,0
EMPS Energy Products,AM Fuels,AM Fuels - US South,2023,0.000000,0.000000,0,0,0.000000,0.000000,0.000000,0,0,0,0,0,0,0,0,0
Upstream,Upstream Deepwater,ALL,2019,0.084583,0.005639,15,1,0.005639,0.029031,0.000000,1,3,7,2,12,0,0,0,0
Upstream,Upstream Deepwater,Brazil,2023,0.000000,0.000000,0,0,0.000000,0.000000,0.000000,0,0,0,0,0,0,0,0,0
Upstream,Upstream Conventional/HO,Abu Dhabi,2019,0.000000,0.000000,0,0,0.000000,0.000000,0.000000,0,0,0,0,0,0,0,0,0
Upstream,Upstream Conventional/HO,Malaysia / Thailand,2020,0.091043,0.000000,7,0,0.000000,0.000000,0.000000,0,3,2,0,5,0,0,0,0
EMPS Other,Out of scope,Out of scope,2021,0.160387,0.028138,57,10,0.033766,0.018252,0.047116,12,51,73,11,135,0,0,0,34
Upstream,Upstream Unconventional,Midland CBP,2021,0.256226,0.000000,7,0,0.036604,0.205417,0.000000,1,0,1,0,1,0,0,0,46
Upstream,Upstream Conventional/HO,Europe Opt & Trading,2021,0.000000,0.000000,0,0,0.000000,0.000000,0.000000,0,0,0,0,0,0,0,0,0
Upstream,Upstream Unconventional,Eastern,2019,0.374692,0.018735,20,1,0.037469,0.044017,0.032617,2,0,3,0,3,0,0,0,21
Upstream,Upstream Deepwater,Nigeria,2020,0.148933,0.074467,6,3,0.074467,0.129790,0.040198,3,1,0,3,4,1,1,2,2
EMPS Energy Products,EAME Fuels,EAME Fuels - EAME Trading,2021,0.000000,0.000000,0,0,0.000000,0.000000,0.000000,0,0,0,0,0,0,0,0,0
Upstream,Upstream Unconventional,Argentina,2022,0.676465,0.000000,2,0,0.000000,0.000000,0.000000,0,0,0,0,0,0,0,0,2
EMPS Specialty Products,Finished Lubes,FL SAP MBU,2019,0.000000,0.000000,0,0,0.000000,0.000000,0.000000,0,0,0,0,0,0,0,0,0
EMPS Specialty Products,Finished Lubes,FL NA MBU,2023,0.000000,0.000000,0,0,0.000000,0.000000,0.000000,0,0,0,0,0,0,0,0,0
EMPS Energy Products,EAME Fuels,EAME Fuels - FUNM,2019,0.000000,0.000000,0,0,0.000000,0.000000,0.000000,0,0,0,0,0,0,0,0,0
EMPS Specialty Products,Finished Lubes,FL SAP MBU,2023,0.000000,0.000000,0,0,0.000000,0.000000,0.000000,0,0,0,0,0,0,0,0,0
Upstream,Upstream Deepwater,NA Other,2023,0.000000,0.000000,0,0,0.000000,0.000000,0.000000,0,0,0,0,0,0,0,0,0
Upstream,Upstream Conventional/HO,ALL,2019,0.194447,0.015645,87,7,0.031290,0.036985,0.029475,14,14,18,0,32,0,0,0,9
Upstream,Upstream Deepwater,NA Other,2022,200000.000000,0.000000,1,0,0.000000,0.000000,0.000000,0,0,0,0,0,0,0,0,0
EMPS Energy Products,AM Fuels,AM Fuels - Canada,2022,0.000000,0.000000,0,0,0.000000,0.000000,0.000000,0,0,0,0,0,0,0,0,0
Upstream,Upstream Conventional/HO,US Conventional,2021,0.189051,0.000000,2,0,0.000000,0.000000,0.000000,0,0,1,0,1,0,0,0,0
Upstream,Upstream Conventional/HO,Kazakhstan,2021,0.000000,0.000000,0,0,0.000000,0.000000,0.000000,0,0,0,0,0,0,0,0,0
Upstream,Upstream Deepwater,Romania,2022,0.000000,0.000000,0,0,0.000000,0.000000,0.000000,0,0,0,0,0,0,0,0,0
Upstream,Out of scope,Out of scope,2021,0.104207,0.000000,1,0,0.000000,0.000000,0.000000,0,0,0,0,0,0,0,0,0
Upstream,Upstream Unconventional,Eastern,2022,0.200878,0.033480,6,1,0.066959,0.082125,0.056522,2,0,2,0,2,0,1,1,9
Upstream,Upstream Deepwater,ALL,2022,0.154347,0.018522,25,3,0.043217,0.096837,0.030536,7,0,7,1,8,0,0,0,3
Upstream,Upstream Conventional/HO,US Conventional,2022,0.201450,0.000000,2,0,0.100725,0.222152,0.000000,1,1,1,0,2,0,0,0,1
Upstream,Upstream Conventional/HO,Sakhalin,2019,0.065751,0.000000,7,0,0.009393,0.000000,0.010522,1,0,0,0,0,0,0,0,0
Upstream,Upstream Conventional/HO,Chad,2023,0.000000,0.000000,0,0,0.000000,0.000000,0.000000,0,0,0,0,0,0,0,0,0
Upstream,Upstream Conventional/HO,Netherlands / SNS,2021,0.000000,0.000000,0,0,0.000000,0.000000,0.000000,0,0,0,0,0,0,0,0,0
Upstream,Upstream Unconventional,Canada Unconventional,2020,0.491498,0.491498,1,1,0.491498,0.000000,0.491498,1,0,1,0,1,0,0,0,1
EMPS Specialty Products,Other,ALL,2019,0.000000,0.000000,0,0,0.000000,0.000000,0.000000,0,1,0,1,2,0,0,0,0
Upstream,Upstream Deepwater,Angola,2021,0.215618,0.043124,5,1,0.000000,0.000000,0.000000,0,1,3,0,4,0,0,0,0
Upstream,Upstream Unconventional,Central,2020,0.365244,0.036524,10,1,0.073049,0.082616,0.065467,2,1,2,0,3,0,0,0,44
EMPS Other,ALL,ALL,2022,0.133571,0.009025,74,5,0.019855,0.027994,0.011184,11,41,43,2,86,1,1,2,33
Upstream,Upstream LNG,PNG,2020,0.060574,0.000000,4,0,0.000000,0.000000,0.000000,0,6,4,0,10,0,0,0,4
Upstream,Upstream Conventional/HO,Chad,2022,0.090497,0.000000,3,0,0.030166,0.000000,0.036824,1,2,0,0,2,0,0,0,0
Upstream,Upstream Conventional/HO,Germany,2023,0.466677,0.155559,4,1,0.155559,0.000000,0.272831,1,1,2,0,3,0,0,0,0
EMPS Specialty Products,Finished Lubes,FL LA MBU,2023,0.000000,0.000000,0,0,0.000000,0.000000,0.000000,0,0,0,0,0,0,0,0,0
Upstream,Upstream Deepwater,Eastern Canada,2021,0.780408,0.086712,9,1,0.000000,0.000000,0.000000,0,1,1,0,2,0,0,0,0
Upstream,Upstream LNG,Mozambique,2021,0.000000,0.000000,0,0,0.000000,0.000000,0.000000,0,0,0,0,0,0,0,0,0
Upstream,Upstream Conventional/HO,Sakhalin,2020,0.036554,0.012185,3,1,0.024370,0.000000,0.028130,2,3,1,0,4,0,0,0,0
Supply Chain Central Org.,Supply Chain Central Org.,Supply Chain Central Org.,2022,0.248699,0.082900,3,1,0.082900,0.206114,0.000000,1,1,0,0,1,0,0,0,0
Upstream,Out of scope,Out of scope,2019,0.118451,0.000000,2,0,0.000000,0.000000,0.000000,0,1,0,0,1,0,0,0,0
Upstream,Upstream Conventional/HO,Imperial Oil / Canada West,2022,0.330199,0.000000,31,0,0.010652,0.023613,0.000000,1,4,2,0,6,0,0,0,3
Upstream,Upstream LNG,Qatar,2023,0.000000,0.000000,0,0,0.000000,0.000000,0.000000,0,0,0,0,0,0,0,0,0
Upstream,Upstream LNG,AP other,2023,0.000000,0.000000,0,0,0.000000,0.000000,0.000000,0,0,0,0,0,0,0,0,0
EMPS Energy Products,AP Fuels,AP Fuels - AP,2020,0.000000,0.000000,0,0,0.000000,0.000000,0.000000,0,0,0,0,0,0,0,0,1
Upstream,Upstream Deepwater,Brazil,2021,0.000000,0.000000,0,0,0.000000,0.000000,0.000000,0,0,1,0,1,0,0,0,0
Upstream,Upstream LNG,Australia LNG,2021,0.000000,0.000000,0,0,0.000000,0.000000,0.000000,0,0,0,0,0,0,0,0,0
Upstream,Upstream Conventional/HO,Iraq,2021,0.000000,0.000000,0,0,0.000000,0.000000,0.000000,0,0,0,0,0,0,0,0,0
Upstream,Upstream Conventional/HO,Netherlands / SNS,2023,0.000000,0.000000,0,0,0.000000,0.000000,0.000000,0,0,0,0,0,0,0,0,0
EMPS Other,Out of scope,Out of scope,2023,0.162926,0.003789,46,1,0.015156,0.008662,0.020205,4,29,32,0,61,1,0,1,13
EMPS Specialty Products,Finished Lubes,FL LA MBU,2022,0.000000,0.000000,0,0,0.000000,0.000000,0.000000,0,0,0,0,0,0,0,0,0
Upstream,Upstream LNG,ALL,2021,0.028475,0.000000,2,0,0.000000,0.000000,0.000000,0,3,4,0,7,0,0,0,0
Upstream,Upstream Deepwater,Guyana,2019,0.134421,0.000000,4,0,0.000000,0.000000,0.000000,0,1,0,0,1,0,0,0,0
EMPS Chem Products,Other,Other Chem,2021,0.144456,0.005556,26,1,0.027780,0.043545,0.011347,5,17,18,0,35,0,0,0,3
Upstream,Upstream Deepwater,Romania,2023,0.000000,0.000000,0,0,0.000000,0.000000,0.000000,0,0,0,0,0,0,0,0,0
Upstream,Upstream Deepwater,Equatorial Guinea,2019,0.124750,0.041583,3,1,0.000000,0.000000,0.000000,0,1,1,0,2,0,0,0,0
EMPS Energy Products,EAME Fuels,EAME Fuels - EAME BNLG,2022,0.000000,0.000000,0,0,0.000000,0.000000,0.000000,0,0,0,0,0,0,0,0,0
EMPS Energy Products,EAME Fuels,EAME Fuels - EAME Trading,2023,0.000000,0.000000,0,0,0.000000,0.000000,0.000000,0,0,0,0,0,0,0,0,0
Upstream,Upstream Deepwater,Angola,2019,0.037241,0.000000,1,0,0.000000,0.000000,0.000000,0,0,4,1,5,0,0,0,0
Upstream,Upstream Conventional/HO,Vietnam,2023,0.000000,0.000000,0,0,0.000000,0.000000,0.000000,0,0,0,0,0,0,0,0,0
Upstream,Upstream Unconventional,ALL,2022,0.458266,0.045075,60,6,0.075126,0.065680,0.077927,10,6,12,1,19,1,2,3,169
EMPS Energy Products,EAME Fuels,EAME Fuels - FUNM,2020,0.000000,0.000000,0,0,0.000000,0.000000,0.000000,0,0,0,0,0,0,0,0,0
Supply Chain Central Org.,Supply Chain Central Org.,Supply Chain Central Org.,2019,0.141582,0.000000,1,0,0.141582,0.000000,0.379249,1,1,0,0,1,0,0,0,0
EMPS Other,Out of scope,Out of scope,2020,0.170658,0.015753,65,6,0.026255,0.022903,0.029094,10,59,65,0,124,0,0,0,36
Upstream,Upstream Conventional/HO,Australia Conventional,2022,0.621906,0.000000,13,0,0.095678,0.324381,0.000000,2,0,0,0,0,0,0,0,0
EMPS Specialty Products,Other,ALL,2021,0.112816,0.000000,3,0,0.037605,0.041462,0.000000,1,0,0,0,0,0,0,0,0
EMPS Energy Products,AP Fuels,AP Fuels - AP,2021,0.000000,0.000000,0,0,0.000000,0.000000,0.000000,0,0,0,0,0,0,0,0,0
Upstream,Upstream LNG,PNG,2023,0.015622,0.000000,1,0,0.000000,0.000000,0.000000,0,0,3,0,3,0,0,0,1
EMPS Energy Products,EAME Fuels,EAME Fuels - EAME BNLG,2023,0.000000,0.000000,0,0,0.000000,0.000000,0.000000,0,0,0,0,0,0,0,0,0
Upstream,Upstream Conventional/HO,Sakhalin,2022,0.017011,0.000000,1,0,0.000000,0.000000,0.000000,0,1,0,0,1,0,0,0,0
Upstream,Upstream Conventional/HO,Malaysia / Thailand,2021,0.013714,0.000000,1,0,0.000000,0.000000,0.000000,0,1,2,1,4,0,0,0,0
Supply Chain Central Org.,Supply Chain Central Org.,Supply Chain Central Org.,2023,0.000000,0.000000,0,0,0.000000,0.000000,0.000000,0,1,0,0,1,0,0,0,0
Out of scope,Out of scope,Out of scope,2019,0.162529,0.019960,114,14,0.028514,0.029297,0.027903,20,66,33,9,108,1,0,1,1
Upstream,Upstream Conventional/HO,US Conventional,2023,0.211433,0.000000,2,0,0.105716,0.313101,0.000000,1,0,4,0,4,0,0,0,1
Upstream,Upstream Unconventional,Eastern,2023,0.132371,0.000000,3,0,0.000000,0.000000,0.000000,0,0,1,0,1,0,0,0,8
EMPS Energy Products,AP Fuels,AP Fuels - AP,2019,0.000000,0.000000,0,0,0.000000,0.000000,0.000000,0,1,0,0,1,0,0,0,3
Supply Chain Central Org.,Supply Chain Central Org.,Supply Chain Central Org.,2021,0.264547,0.000000,2,0,0.000000,0.000000,0.000000,0,0,1,0,1,0,0,0,0
Upstream,Upstream Conventional/HO,Vietnam,2021,0.000000,0.000000,0,0,0.000000,0.000000,0.000000,0,0,0,0,0,0,0,0,0
EMPS Specialty Products,Finished Lubes,FL SAP MBU,2021,0.000000,0.000000,0,0,0.000000,0.000000,0.000000,0,0,0,0,0,0,0,0,0
Upstream,Upstream Deepwater,Nigeria,2021,0.160130,0.000000,5,0,0.032026,0.000000,0.064824,1,1,1,0,2,0,0,0,1
EMPS Energy Products,EAME Fuels,EAME Fuels - FUNM,2023,0.560276,0.000000,1,0,0.000000,0.000000,0.000000,0,0,0,0,0,0,0,0,0
Upstream,Upstream Conventional/HO,Europe Opt & Trading,2020,0.000000,0.000000,0,0,0.000000,0.000000,0.000000,0,0,0,0,0,0,0,0,0
Upstream,Upstream Unconventional,Bakken,2021,0.600367,0.200122,6,2,0.000000,0.000000,0.000000,0,2,0,0,2,0,0,0,9
Upstream,Upstream Deepwater,Eastern Canada,2019,0.180697,0.000000,4,0,0.000000,0.000000,0.000000,0,0,1,1,2,0,0,0,0
Upstream,Upstream Conventional/HO,Malaysia / Thailand,2023,0.041749,0.020874,2,1,0.020874,0.000000,0.027033,1,0,2,0,2,0,1,1,0
Upstream,Upstream LNG,PNG,2021,0.029371,0.000000,2,0,0.000000,0.000000,0.000000,0,3,4,0,7,0,0,0,0
EMPS Energy Products,EAME Fuels,EAME Fuels - EAME Trading,2022,0.650072,0.000000,1,0,0.650072,0.654489,0.000000,1,0,0,0,0,0,0,0,0
EMPS Specialty Products,Finished Lubes,FL LA MBU,2021,0.000000,0.000000,0,0,0.000000,0.000000,0.000000,0,0,0,0,0,0,0,0,0
Upstream,Upstream LNG,Mozambique,2022,0.000000,0.000000,0,0,0.000000,0.000000,0.000000,0,0,0,0,0,0,0,0,0
Upstream,Upstream Conventional/HO,Abu Dhabi,2020,0.000000,0.000000,0,0,0.000000,0.000000,0.000000,0,0,0,0,0,0,0,0,0
Upstream,Upstream LNG,EAME other,2023,0.000000,0.000000,0,0,0.000000,0.000000,0.000000,0,0,0,0,0,0,0,0,0
Upstream,Upstream LNG,NA,2021,0.000000,0.000000,0,0,0.000000,0.000000,0.000000,0,0,0,0,0,0,0,0,0
EMPS Specialty Products,Finished Lubes,FL NA MBU,2022,0.000000,0.000000,0,0,0.000000,0.000000,0.000000,0,0,0,0,0,0,0,0,0
Out of scope,Out of scope,Out of scope,2023,0.087804,0.008780,41,4,0.004390,0.000000,0.007725,3,12,17,0,29,0,0,0,0
Upstream,Out of scope,Out of scope,2020,0.150588,0.000000,2,0,0.000000,0.000000,0.000000,0,0,0,0,0,0,0,0,0
Upstream,Upstream Unconventional,ALL,2019,0.546956,0.050586,172,16,0.079040,0.082514,0.078411,25,28,22,1,51,2,1,3,280
Upstream,Upstream Unconventional,Argentina,2019,0.611215,0.076402,8,1,0.076402,0.000000,0.083168,1,4,2,0,6,0,0,0,3
Upstream,Upstream Deepwater,Romania,2021,0.000000,0.000000,0,0,0.000000,0.000000,0.000000,0,0,0,0,0,0,0,0,0
Upstream,Upstream Unconventional,Bakken,2020,0.329685,0.000000,5,0,0.000000,0.000000,0.000000,0,0,3,0,3,0,0,0,4
Upstream,Upstream LNG,EAME other,2020,0.000000,0.000000,0,0,0.000000,0.000000,0.000000,0,0,0,0,0,0,0,0,0
Upstream,Upstream Deepwater,Guyana,2023,0.147244,0.042070,7,2,0.042070,0.000000,0.044664,2,3,1,0,4,0,0,0,0
Upstream,Upstream Conventional/HO,Netherlands / SNS,2022,0.000000,0.000000,0,0,0.000000,0.000000,0.000000,0,0,0,0,0,0,0,0,0
Upstream,Upstream Conventional/HO,Germany,2022,0.136668,0.000000,1,0,0.000000,0.000000,0.000000,0,0,0,0,0,0,0,0,0
Upstream,Upstream LNG,AP other,2019,4.516916,0.000000,1,0,0.000000,0.000000,0.000000,0,0,0,0,0,0,0,0,0
Upstream,Upstream LNG,Mozambique,2023,0.000000,0.000000,0,0,0.000000,0.000000,0.000000,0,0,0,0,0,0,0,0,0
Upstream,Upstream LNG,ALL,2023,0.015259,0.000000,1,0,0.000000,0.000000,0.000000,0,0,3,0,3,0,0,0,1
EMPS Specialty Products,Other,ALL,2022,0.000000,0.000000,0,0,0.000000,0.000000,0.000000,0,0,0,0,0,0,0,0,0
EMPS Energy Products,AM Fuels,AM Fuels - US North,2020,0.000000,0.000000,0,0,0.000000,0.000000,0.000000,0,0,0,0,0,0,0,0,0
Upstream,Upstream Conventional/HO,Europe Opt & Trading,2019,0.000000,0.000000,0,0,0.000000,0.000000,0.000000,0,0,0,0,0,0,0,0,0
